{
  "strength": {
    "Algeria": -0.7352242481419563,
    "Argentina": 0.870299531740919,
    "Australia": -0.3482959089822677,
    "Austria": 0.7728044625556336,
    "Belgium": 0.2232235286781652,
    "Bosnia": 0.015339035555849546,
    "Brazil": 1.5412565845661823,
    "Canada": -0.9452455650298255,
    "Cape Verde": 0.0,
    "Colombia": 0.261133679784676,
    "Croatia": 0.19952742092956827,
    "Curacao": 0.0,
    "Czechia": -0.03569734496282752,
    "DR Congo": 0.0,
    "Ecuador": -0.46558719073934685,
    "Egypt": -0.749003092438257,
    "England": 0.643226953196849,
    "France": 0.9704249304942687,
    "Germany": 1.4477061350804041,
    "Ghana": -0.1406023319366355,
    "Haiti": -0.2421285234231906,
    "Iran": -0.7529845769252526,
    "Iraq": -0.9482307975799447,
    "Ivory Coast": -0.3698198683209038,
    "Japan": -0.3135684131490886,
    "Jordan": 0.0,
    "Mexico": -0.17836827373495162,
    "Morocco": -0.23974523652241309,
    "Netherlands": 1.1257931929052105,
    "New Zealand": -0.5469081753617413,
    "Norway": 0.9013739101085126,
    "Panama": -0.8510478161215627,
    "Paraguay": -0.4928025450139602,
    "Portugal": 0.13414692439131562,
    "Qatar": -0.8124525136602345,
    "Saudi Arabia": -0.0946283659298861,
    "Scotland": -0.3089771117701487,
    "Senegal": 0.18681342387268038,
    "South Africa": -0.10363084981219224,
    "South Korea": -1.087072825364711,
    "Spain": 0.9160039490465876,
    "Sweden": 0.24031883266286902,
    "Switzerland": -0.055083313937627186,
    "Tunisia": -0.4771998272511283,
    "Turkey": 0.299593898406768,
    "USA": -0.0584104545471627,
    "Uruguay": 0.6037287766807569,
    "Uzbekistan": 0.0
  },
  "draw_rate": 0.2127659574468085
}