{
  "intercept": 0.15565648680431293,
  "home_adv": 0.22157956294168324,
  "attack": {
    "Algeria": -0.3237617798504156,
    "Argentina": 0.3132936659269019,
    "Australia": 0.048134869618584396,
    "Austria": 0.5066033125380724,
    "Belgium": 0.07660194182145612,
    "Bosnia": 0.3445590172824126,
    "Brazil": 0.4206047022176004,
    "Canada": -0.5435876913374518,
    "Cape Verde": 0.0,
    "Colombia": 0.18031926853044242,
    "Croatia": 0.07550555264123468,
    "Curacao": 0.0,
    "Czechia": 0.14015857182672367,
    "DR Congo": 0.0,
    "Ecuador": -0.3698547922140893,
    "Egypt": -0.5567713075605202,
    "England": 0.13519981800146313,
    "France": 0.37584198450422573,
    "Germany": 0.5973372597201067,
    "Ghana": 0.15102581144170618,
    "Haiti": 0.009243205699955643,
    "Iran": -0.3923789850919487,
    "Iraq": -0.8472331762240323,
    "Ivory Coast": -0.017170849847321264,
    "Japan": -0.07631278716360562,
    "Jordan": 0.0,
    "Mexico": -0.015324794534454967,
    "Morocco": -0.1033389606091552,
    "Netherlands": 0.40208466906680973,
    "New Zealand": -0.3788745128897164,
    "Norway": 0.25333076611265504,
    "Panama": -0.445672463684344,
    "Paraguay": -0.37204895977149366,
    "Portugal": 0.15938814300685625,
    "Qatar": -0.7231611164277729,
    "Saudi Arabia": -0.050582716750796564,
    "Scotland": -0.009577077578985205,
    "Senegal": 0.11971764504834549,
    "South Africa": 0.02798249948043305,
    "South Korea": -0.20444556059573027,
    "Spain": 0.1416482782047544,
    "Sweden": 0.19804353786604237,
    "Switzerland": 0.18303365081980344,
    "Tunisia": -0.2276963863602362,
    "Turkey": 0.582419905184118,
    "USA": -0.0013252777056893144,
    "Uruguay": 0.13240647898909333,
    "Uzbekistan": 0.0
  },
  "defense": {
    "Algeria": 0.07304648994729405,
    "Argentina": 0.1895146293121851,
    "Australia": -0.19039425991337824,
    "Austria": -0.16267591914215854,
    "Belgium": 0.07485917601177017,
    "Bosnia": -0.05723328864623797,
    "Brazil": 0.457702904270103,
    "Canada": -0.2734770315043342,
    "Cape Verde": -0.0,
    "Colombia": 0.2658966194884205,
    "Croatia": 0.26645935189061737,
    "Curacao": -0.0,
    "Czechia": 0.24102076901047825,
    "DR Congo": -0.0,
    "Ecuador": 0.23472644576098947,
    "Egypt": 0.2341918984378168,
    "England": 0.4200267384257907,
    "France": 0.23479467867577422,
    "Germany": 0.3520399601737071,
    "Ghana": 0.013846781526646944,
    "Haiti": -0.5702993992261614,
    "Iran": -0.13193838312391426,
    "Iraq": -0.12989352880093896,
    "Ivory Coast": 0.052105346787609814,
    "Japan": 0.008679652170823293,
    "Jordan": -0.0,
    "Mexico": -0.009722162832242814,
    "Morocco": 0.3064046061576466,
    "Netherlands": 0.3911964038921956,
    "New Zealand": -0.5952160115469335,
    "Norway": 0.35585564037114337,
    "Panama": -0.8961799212969455,
    "Paraguay": -0.04427716245879916,
    "Portugal": 0.12913333141938138,
    "Qatar": -0.4305804617856119,
    "Saudi Arabia": -0.3030940691454211,
    "Scotland": -0.19029857800681838,
    "Senegal": 0.014237017363634644,
    "South Africa": -0.36496995548532096,
    "South Korea": -0.20603148667006557,
    "Spain": 0.31569514198960036,
    "Sweden": 0.08822296612034038,
    "Switzerland": -0.12154302332929522,
    "Tunisia": -0.23331052574924993,
    "Turkey": -0.06815249079325668,
    "USA": 0.09833003313606496,
    "Uruguay": 0.24593571776501152,
    "Uzbekistan": -0.0
  },
  "n_sims": 10000,
  "seed": 42
}